Task,Category,Epic,Notes,Priority,Status,Type
Diseñar e implementar Portal de Sponsors,Dev,Phase 3 — Academy Tools,Dar a sponsors visibilidad del impacto de su apoyo. Puede ser dashboard de solo lectura o reportes PDF automáticos. Prioridad media — construir una vez que haya datos reales en el sistema.,Medium,Backlog,Feature
"Configurar Supabase: schema, auth y RLS",Dev,Phase 1 — Core Features,"No es solo auth — es el paso de infraestructura completo: crear proyecto Supabase, implementar el schema diseñado, configurar Row Level Security por rol (coach ve sus atletas, atleta ve su expediente, padre solo lectura), y auth. Se hace todo junto en una sola iteración. Depende de: schema de BD diseñado.",High,Done,Infra
Definir estrategia de hosting y deploy,Dev,Phase 1 — Core Features,"Evaluar opciones para producción con React + Vite. Considerar Vercel, Netlify u otras. Definir junto con decisión de backend.",High,Backlog,Infra
Conectar Expediente del atleta a backend real,Dev,Phase 1 — Core Features,Actualmente funciona con datos dummy. Requiere backend definido. Incluye capas de especialistas y fitness tests.,High,Backlog,Feature
Completar formulario NuevoReporte,Dev,Phase 1 — Core Features,Bloqueado por: 'Diseñar campos del NuevoReporte con coaches' + 'Diseñar schema de BD'. No se puede construir hasta tener los campos definidos y Supabase configurado. Es el flujo de captura core del MVP junto con el PTF.,High,Done,Feature
Diseñar campos del PTF con los coaches,Team,Phase 1 — Core Features,Definir junto con los coaches qué campos tendrá el Post-Torneo Form para maximizar su valor como señal de carácter para recruiters.,High,Done,Feature
Implementar flujo de subida de video en Ejercicios,Dev,Phase 1 — Core Features,"Post-MVP. No bloquea el piloto. La subida de video es infraestructura compleja (storage, transcoding) que no aporta valor hasta que los flujos de captura de reportes y PTF estén funcionando con datos reales.",Low,Backlog,Feature
Validar diseño en mobile,Dev,Phase 1 — Core Features,"TOP PRIORITY — hacer el portal mobile-friendly antes de continuar con otros features. Si hay que parar todo para resolverlo, se hace en la siguiente sesión. (Antes era Post-MVP; promovido a top priority el 2026-06-07.)",High,Backlog,Chore
Diseñar e implementar Talent Card,Dev,Phase 2 — Analytics,"MVP implementado. Secciones: 01 perfil reclutamiento (read-only, el atleta llena en registro), 02 rankings+resultados, 03 narrativa del coach (trayectoria global + notas por dimensión + señal de carácter), 04 coach vs atleta (placeholder), 05 especialistas (placeholder). Ruta: /portal/alumnos/:id/talent-card. Diferencia vs Expediente: Talent Card muestra QUÉ concluye el coach (narrativa), Expediente muestra CÓMO evalúa (sub-scores). Pendiente: tabla athlete_recruitment_profile en DB, conexión PTF para sección 04.",High,Done,Feature
Diseñar e implementar épica de Reportes de Especialistas,Dev,Phase 2 — Analytics,Post-MVP. Estratégicamente valioso pero no necesario para validar el piloto con coaches y atletas. Construir una vez que los flujos de reporte del coach y PTF tengan datos reales y el sistema esté probado.,Low,Backlog,Feature
Diseñar campos del NuevoReporte con coaches,Team,Phase 1 — Core Features,"PRE-CÓDIGO. Sesión con coaches para definir exactamente qué evalúan en cada dimensión (On-Court, Physical, Mental, Character, Athlete Voice): qué campos, qué escala, qué anécdota. El resultado es la especificación del formulario. Sin esto no se puede diseñar el schema de BD ni construir NuevoReporte.",High,Done,Chore
Diseñar schema de base de datos,Dev,Phase 1 — Core Features,"PRE-CÓDIGO. Diseñar las tablas, relaciones y políticas de seguridad en papel antes de tocar Supabase. Depende de: campos del NuevoReporte y campos del PTF definidos. Tablas mínimas del MVP: users, athletes, coaches, reports (5 dimensiones), ptf_entries, tournaments.",High,Done,Infra
Implementar formulario PTF funcional,Dev,Phase 1 — Core Features,El atleta llena su reflexión post-torneo desde el portal. Form React conectado a Supabase. Depende de: campos del PTF definidos con coaches + schema de BD + Supabase configurado. Es uno de los dos flujos de captura core del MVP.,High,Done,Feature
Set up de herramientas del equipo,Team,,"Phase 0 — Infraestructura de colaboración del equipo (no dev). Stack propuesto: (1) Notion: página de Team separada de Dev Tasks, con kanban de tareas admin/operativas y sección de docs/recursos; (2) Google Drive compartido (cuentas Gmail personales) para archivos pesados: guías de marca, PDFs, templates, brand assets; (3) WhatsApp: definir grupos por tema (operaciones, coaches, etc.) para estructurar la comunicación; (4) Google Calendar compartido para clases, torneos y entrenamientos.",Medium,Done,Infra
PTF Voice Interview — Entrevista conversacional de voz post-partido,Dev,Phase 1 — Core Features,"Iteración 2 del PTF. Integrar ElevenLabs Conversational AI como modo alternativo de llenado del formulario. El agente conduce la entrevista por voz cubriendo los 8 campos del PTF, transcribe las respuestas y las estructura automáticamente via LLM. Incluye análisis de tono emocional como dato adicional. El schema de BD no cambia. Bloqueado por: PTF modo escritura (iteración 1).",Low,Backlog,Feature
"Investigar API de UTR — acceso, crawler, o update manual",Team,Phase 1 — Core Features,"Opciones en orden de preferencia: (1) API oficial de UTR — contactar para acceso. (2) Crawler si no hay API. (3) Update manual por el coach desde la app de UTR (mensual, no es crítico). El UTR se captura una vez al mes por atleta en el NuevoReporte.",Low,Backlog,Chore
Evaluar integración Swing Vision — On-Court & On-Tournament,Team,Phase 2 — Analytics,STAND-BY — Confirmado por PTF/NR (Jun 2026). SwingVision sí mide potencia de golpes; esa métrica se integrará en el task de Pruebas Físicas. La evaluación táctica algorítmica queda en pausa hasta definir el roadmap de Phase 2. Revisar cuando NuevoReporte modo escritura esté en producción.,Low,Backlog,Feature
"Definir visión, MVP y alcance del producto",Team,,"Sesión 1 (22 mayo). Se estableció la visión de la plataforma, se redefinió el alcance del MVP a NuevoReporte + PTF + Talent Card, y se reorganizaron las prioridades del kanban. Todo lo que no es MVP pasó a Low/Backlog.",High,Done,Chore
Crear documento http://nuevoreporte-schema.md,Team,,"Sesión 2 (29 mayo). Schema del NuevoReporte definido con 6 dimensiones: On-Court, Physical, Mental (pendiente psicóloga), Character & Leadership, Athlete Voice, Nutrición (pendiente nutrióloga).",High,Done,Chore
"Configurar estructura de trabajo (http://CLAUDE.md, kanban Notion, carpetas del repo)",Team,,"Sesión 1 (22 mayo). Se creó http://CLAUDE.md con reglas de trabajo, kanban en Notion como fuente de verdad, y estructura de carpetas del repositorio definida.",High,Done,Infra
Crear guía de definición de campos PTF y NuevoReporte para coaches,Team,,Sesión 1 (22 mayo). Se generó http://guia-sesion-campos-nuevoreporte-ptf.md con preguntas estructuradas para que el equipo definiera los campos antes de la siguiente sesión.,High,Done,Chore
Crear documento http://ptf-post-tournament-form.md,Team,,"Sesión 2 (29 mayo). PTF rediseñado de 18 preguntas abiertas a 8 preguntas limpias, todas obligatorias, con metadata estructurada del partido. El modo voz (ElevenLabs) queda para iteración 2.",High,Done,Chore
Diseñar analytics de uso de plataforma y página web,Team,,"Definir qué métricas de uso se van a trackear (engagement por módulo, frecuencia de llenado de PTF/NuevoReporte, atletas activos, etc.) y qué herramienta se usa. Los reportes quincenales de la plataforma van a depender de esto.",Low,Backlog,Feature
Definir estrategia de planes de entrenamiento (builder en app vs workflow externo),Team,,"Por ahora existe una carpeta en Drive para planes de entrenamiento, pero la estrategia de cómo se crean y asignan por atleta no está definida. Opciones: (1) builder dentro de la app, (2) workflow externo que genere planes a escala. Decidir antes de implementar. Post-MVP.",Low,Backlog,Feature
Diseñar e implementar registro de asistencia,Dev,Phase 1 — Core Features,"Nueva feature. Objetivo: registrar días efectivos de entrenamiento por atleta para cruzar rendimiento vs. asistencia real. Pregunta de diseño abierta: ¿debería vivir en un view exclusivo de coaches donde dan click a los atletas que llegaron cada día, o integrarse en el flujo de sesión existente? Definir UX antes de construir.",High,Backlog,Feature
"Definir protocolo de pruebas físicas — schema, cadencia y métricas SV",Team,Phase 2 — Analytics,"Tlaca confirmó que las pruebas core están bien (Jun 2026). Cadencia: cada 3 meses. Apoyo de fisios para algunas pruebas.

Pruebas core (7 en total):
1. Sprint 20m — Velocidad / Aceleración
2. Beep test — Resistencia aeróbica
3. Salto vertical (CMJ) — Potencia de piernas
4. Spider drill — Agilidad en cancha
5. FMS simplificado — Movilidad / control postural
6. Sentadillas en 1 minuto — Fuerza de tren inferior
7. Lagartijas en 1 minuto — Fuerza de tren superior

SwingVision mide potencia de golpes — integrar como métrica en el schema de BD: promedio por partido y promedio por sesión de entrenamiento. Esto alimenta la sección Physical del NuevoReporte en Supabase.",Medium,Backlog,Feature
Definir checklist de torneos y entrenamientos — frecuencia y owner,Team,Phase 1 — Core Features,"PTF/NR aprobaron el checklist. Pendiente: definir cuándo se aplica (antes de torneo, después de cada sesión, semanal), quién lo llena (coach, atleta, ambos) y si vive dentro del NuevoReporte o es un flujo separado.",Medium,Backlog,Chore
Definir evaluación de conducta y liderazgo — frecuencia y campos,Team,Phase 1 — Core Features,"PTF/NR aprobaron la sección de conducta y liderazgo. Pendiente: definir si la evaluación es mensual o trimestral. Una vez decidida la frecuencia, mapear campos al schema del NuevoReporte.",Medium,Backlog,Feature
Implementar Portal · Expediente del Atleta — frontend React,Dev,Phase 1 — Core Features,"Implementar el diseño completo del portal (shell, sidebar, topbar, roster, expediente con 8 tabs) en React + Vite a partir del design handoff de Claude Design. Cerrado en barrido de kanban (13 Jul 2026, confirmado por Marco) — el Expediente ya está en producción y se referencia como funcional en tasks posteriores (ej. Talent Card).",High,Done,Feature
Limpiar portal MVP — conectar a Supabase real,Dev,Phase 1 — Core Features,"Migró auth a Supabase Auth, instaló @supabase/supabase-js, sembró 1 coach + 5 atletas, limpió sidebar a solo Atletas + Nuevo Reporte, conectó lista de atletas y NuevoReporte (on-court) a Supabase real. Eliminó rutas/features sin conexión (torneos, ejercicios, especialistas, perfil).",High,Done,Feature
Integración de API de UTR para resultados de partidos,Dev,Phase 2 — Analytics,Conectar API de UTR Sports para jalar resultados de partidos por atleta. Depende de aprobación del formulario de developer. Los resultados se mostrarán en el perfil del atleta.,Medium,Backlog,Feature
Solicitud de acceso a API de UTR Sports,Team,Phase 2 — Analytics,Llenar el formulario de aplicación de developer en https://www.utrsports.net/pages/api-developer-application. Necesitamos acceso para obtener resultados de partidos de los atletas.,Medium,Backlog,Chore
[Post-MVP] Publicación del plan trimestral y notificaciones a atleta y papás,Dev,Phase 3 — Academy Tools,"Post-MVP. Una vez que el coach aprueba el plan, publicarlo en el portal del atleta y enviar notificación (push/email) al atleta y sus papás.",Low,Backlog,Feature
Scraper de rankings AMTP (http://amtp.mx),Dev,Phase 2 — Analytics,Scraper para https://amtp.mx/ que extraiga los rankings de la Asociación Mexicana de Tenis Profesional. Los datos se usan para mostrar el ranking nacional/regional de cada atleta en su perfil.,Medium,Done,Feature
[Post-MVP] Definir estructura y campos del plan trimestral,Team,Phase 3 — Academy Tools,"Post-MVP. Definir qué campos componen un plan trimestral: objetivos por dimensión, métricas target, carga semanal, etc. Input para diseñar el flujo de ingestion con AI.",Low,Backlog,Feature
[Post-MVP] Flujo de ingestion del plan trimestral para coaches con AI,Dev,Phase 3 — Academy Tools,"Post-MVP. UI + backend para que el coach ingrese los parámetros del período, la IA genere el plan trimestral por atleta, y el coach lo revise y edite antes de publicarlo.",Low,Backlog,Feature
Implementar escalas PTF en PostTorneo.jsx,Dev,,,High,Done,Feature
Auth de coaches y atletas,Dev,Phase 1 — Core Features,Supabase Auth para coaches (ya tiene user_id en coaches table?) y atletas (user_id ya existe en athletes table). Login diferenciado por rol. Protección de rutas. Después de completar el perfil del atleta.,High,Done,Feature
[Post-MVP] Admin dashboard — métricas de engagement,Dev,Phase 2 — Analytics,"Métricas de uso de la plataforma: qué se llena, qué no, qué tarda en llenarse, qué se usa más/menos. Trabajar después de que el MVP esté definido y antes de abrir prod a usuarios reales.",Medium,Backlog,Feature
Diseñar e implementar perfil del atleta,Dev,Phase 1 — Core Features,"Schema en Supabase + UI de creación y edición. Campos actuales en tabla athletes: nombre, apellido, fecha_nacimiento, foto_url, mano_dominante, fecha_ingreso, utr_actual. Faltan: tipo_reves, altura, peso, email, teléfono, contacto emergencia, escuela/grado, y tabla athlete_recruitment_profile (división objetivo, graduación, GPA, inglés, área de estudio).",High,Done,Feature
[Post-MVP] Error logs y dashboard de errores,Dev,Phase 2 — Analytics,Registrar cada interacción relevante en Supabase. Dashboard para monitorear errores que afectan la experiencia. Trabajar antes de abrir prod a usuarios reales.,Medium,Backlog,Infra
Pantalla de reportes pendientes por periodo,Dev,Phase 1 — Core Features,"Vista para el coach: tabla de atletas asignados vs. secciones completadas por período (On-court, Physical, Character, Athlete Voice). Flag visible cuando el atleta no ha subido su Athlete Voice. Independiente del auth de atletas. Cerrado en barrido de kanban (13 Jul 2026, confirmado por Marco) — duplicado del task ya Done (37a5a7ea46608195b116c6c01e2d19b6), mismo alcance, ya implementado.",High,Done,Feature
Investigar y definir 2FA + notificaciones por WhatsApp,Team,Phase 1 — Core Features,"Dos objetivos ligados: (1) 2FA en el login — evaluar si se hace por email (Supabase lo soporta nativo) o por WhatsApp/SMS (requiere API externa). (2) Notificaciones a atletas por WhatsApp — ej: 'tu coach subió un nuevo reporte', 'tienes un PTF pendiente'. 

APIs a investigar:
- WhatsApp Business API (Meta oficial) — requiere cuenta de business verificada, buena para volúmenes altos
- Twilio — soporta WA + SMS + 2FA en un solo SDK, fácil de integrar con Supabase Edge Functions
- MessageBird / http://Bird.com — alternativa a Twilio con precios más flexibles en LatAm
- http://Respond.io / Wati — más orientados a CRM sobre WA, no tanto para notificaciones programmáticas

Preguntas clave a responder:
- ¿Qué tipos de mensajes permite WA Business sin ser bloqueado? (solo plantillas aprobadas para outbound)
- ¿La academia tiene número de WA Business ya registrado?
- ¿Qué volumen de mensajes se espera? (determina si Twilio vs Meta directo)
- ¿El 2FA es bloqueante o solo recomendado?

Decisión esperada: servicio elegido + estimado de costo por mensaje + plan de integración con Supabase Edge Functions. Trabajar antes de abrir el registro a usuarios reales.",Medium,Backlog,Feature
[Post-MVP] Conectar progreso escolar con transcripts por ciclo,Team,Phase 2 — Analytics,"El campo escuela/grado se actualiza manualmente cada verano. Post-MVP: conectar con transcripts reales por ciclo escolar para validar que el atleta efectivamente avanzó. Si un atleta reprueba un ciclo, actualizarlo sin evidencia no tiene sentido. Requiere definir: qué documento se sube, quién lo sube (atleta/padre), con qué frecuencia, y cómo afecta el perfil de reclutamiento si hay un ciclo sin progreso.",Low,Backlog,Feature
[Post-MVP] Recordatorio automático de actualizar grado escolar en agosto,Dev,Phase 2 — Analytics,"Cada agosto, enviar notificación al atleta/padre para que actualicen el grado escolar manualmente. NO hacer update automático: si el atleta reprueba un ciclo, el sistema lo subiría de grado igualmente. El update lo debe confirmar una persona. Requiere: canal de notificación definido (email o WhatsApp, ver task de 2FA/WA) + scheduled task via Supabase Edge Function + pg_cron.",Low,Backlog,Feature
Fix 404 en rutas SPA (Vercel rewrite),Dev,Phase 1 — Core Features,"Configurar Vercel para que sirva index.html en todas las rutas — fix para BrowserRouter (HTML5 history API). Sin esto, abrir /portal/inicio en nueva tab devuelve 404.",High,Done,Bug
Pantalla de reportes pendientes por periodo,Dev,Phase 1 — Core Features,"Vista para el coach: tabla de atletas asignados vs. secciones completadas por período (On-court, Physical, Character, Athlete Voice). Flag visible cuando el atleta no ha subido su Athlete Voice. Independiente del auth de atletas.",High,Done,Feature
Implementar Athlete Voice — auto-evaluación del atleta por período,Dev,Phase 1 — Core Features,,High,Done,Feature
Auditar y blindar la capa de display de escalas (-2/+2 vs 1-5),Dev,,,,Backlog,
Crear tablas tournaments + athlete_tournaments y conectar MisTorneos / NuevoTorneo,Dev,Phase 1 — Core Features,"Migración Supabase: crear tournaments + athlete_tournaments con RLS. Migrar NuevoTorneo.jsx (localStorage→Supabase), MisTorneos.jsx (dummy→Supabase), y actualizar PostTorneo.jsx para linkear por athlete_tournament_id.",High,Done,Feature
Fix rondas Q1/Q2/Q3 + label fecha + NuevoTorneoCoach.jsx + RLS coaches,Dev,Phase 1 — Core Features,Rondas Q1/Q2/Q3 agregadas. Label 'Fecha de inicio del torneo'. Constantes compartidas en torneoOpciones.js. NuevoTorneoCoach.jsx con selector de atleta en /portal/torneos/registrar. RLS actualizado: cualquier coach puede INSERT en athlete_tournaments para cualquier atleta + SELECT de todos los atletas.,High,Done,Feature
Guía de QA: checklist de funcionalidades y mapa de flujos end-to-end (atleta + coach),Team,,"Documento para el tour de la plataforma previo a presentación al equipo: funcionalidades por rol, mapa de flujos conectados, tablas de Supabase a verificar, plantilla de bugs/sugerencias.",,Done,
B9 — Athlete Voice no indica qué periodo está disponible,Dev,,"QA 11-jun. Cuando el coach llena el NR, el atleta debería ver cuál periodo tiene disponible para llenar su athlete voice; hoy solo registra si llenó uno, sin decir cuál ni si hay otro pendiente.",Medium,Done,Bug
F8 — Registro y monitoreo de dobles (post-MVP),Team,,"QA 11-jun. Si el atleta juega singles y dobles en un torneo, se necesita otro campo de llenado para dobles. Definir post-MVP cómo registrar y monitorear dobles.",Low,Backlog,Feature
F2 — Definir con coaches el alta de atletas,Team,,"Resuelto 9 Jul 2026, en el contexto del scoping de 'Quitar constraint de asignación coach↔atleta': se decidió NO construir alta manual por coach. Autoregistro (Signup.jsx) es y seguirá siendo el único flujo de alta. NuevoAtleta.jsx (que sí llegó a construirse pero nunca se enlazó a ningún botón/link — ruta huérfana /portal/alumnos/nuevo) se borra como parte de ese task. Ver docs/http://scope-coach-atleta-libre.md §3.1.",Medium,Done,Feature
B3 — Fecha de inicio del atleta inconsistente con sus reportes,Dev,,"QA 11-jun. Expediente de Marco Damián dice inicio jun 2026 pero hay reportes de abr y may. Fix inmediato: cambiar inicio de Marco a abril. Fix de fondo: validar que no se puedan generar reportes anteriores al mes de registro (si se registró el 20-abr, el primer reporte disponible es abril).",High,Done,Bug
F5 — Explicaciones inline en dimensiones de táctica y FMS,Dev,,QA 11-jun. Agregar descripción corta de cada dimensión de táctica (ni quien las definió las recuerda) y en el FMS de Nuevo Reporte indicar el threshold de pass/fail.,Medium,Done,Feature
B6 — Autocomplete de Google se borra en el login,Dev,,QA 11-jun. Al usar autofill de usuario/contraseña se borra la primera vez y hay que hacerlo dos veces.,Low,Backlog,Bug
B1 — W/L record no se actualiza en expediente ni talent card,Dev,,"Detectado en QA 11-jun. Fixed: W/L ahora es por partidos — el PTF pregunta cuántos partidos jugó (partidos_jugados en athlete_tournaments); si ganó el último gana todos, si no, pierde solo el último. Subtítulo mantiene 'x torneos con resultado'. Se reemplazará con data de UTR/ITF cuando se integren.",High,Done,Bug
B8 — Inicio de atleta sigue diciendo 'llena tu primer PTF' tras llenarlo,Dev,,QA 11-jun. El empty state de /portal/inicio no detecta PTFs existentes.,Medium,Done,Bug
F6 — Talent card: números en los nodos de la gráfica del coach,Dev,,QA 11-jun. La gráfica de scores del coach por periodo no muestra el valor en cada nodo.,Low,Done,Feature
B7 — PTF: quitar ronda 'Campeón' (duplica 'Final' + victoria),Dev,,QA 11-jun. Final con último partido ganado y Campeón son el mismo estado; permite data duplicada/inconsistente.,Medium,Done,Bug
B2 — No se ve la diferencia periodo a periodo en ética de trabajo y coachabilidad,Dev,,QA 11-jun. Los scores de character no muestran su evolución entre periodos.,Medium,Done,Bug
F3 — Expediente: mostrar sub-dimensiones de táctica separadas de técnica,Dev,,QA 11-jun. La táctica solo aparece como parte del box de técnica ('por buen camino'); sus sub-dimensiones deberían tener su propia sección en el expediente.,Medium,Done,Feature
B10 — Box vacío de UTR en mi-rendimiento,Dev,,QA 11-jun. Aparece un box de UTR de los últimos dos periodos sin datos. Verificar si falta data o si el componente no la lee.,Medium,Done,Bug
F7 — Vista de PTFs por torneo para el coach,Dev,,QA 11-jun. El portal de torneos no deja al coach revisar los PTFs. Crear view tipo tabla con cada atleta del torneo según las métricas del PTF + poder abrir y leer cada PTF completo. Post-MVP: AI summary por torneo (serán muchos atletas).,High,Backlog,Feature
B4 — Posible off-by-one de mes al guardar reportes,Dev,,QA 11-jun. A Marco Damián le falta el reporte de junio y el último es de mayo: sospecha de que el periodo se corre un mes hacia atrás al guardar (probable bug de timezone en el input type=month / slice de fecha). Integridad de datos.,High,Done,Bug
F4 — Box de técnica se ve vacío en el expediente,Dev,,QA 11-jun. No hay suficientes dimensiones para llenar las cajas de la tabla; ajustar layout o contenido.,Low,Done,Feature
B5 — Talent card: sección percepción compara PTFs en vez de reportes de periodo,Dev,,"QA 11-jun. En atletas con 2+ PTFs la sección no muestra datos. Debe comparar reports de periodo (coach vs athlete voice), no post_tournament_forms.",High,Done,Bug
F1 — Auth de coaches (sign up / log in),Dev,Phase 1 — Core Features,QA 11-jun. Hoy solo existe signup/login de atletas. Bloquea invitar coaches a producción.,High,Done,Feature
B11 — PTF no guardó ronda/resultado/victoria (Abierto La Hacienda),Dev,,"QA 11-jun (2a ronda). El PTF guardó las secciones A–E pero el bloque de resultado quedó null. Fix: ronda/victoria/resultado obligatorios cuando el PTF está ligado a un torneo, manejar el error del update (antes se ignoraba), y reenvío de PTF actualiza en vez de duplicar fila.",High,Done,Bug
F9 — Gráfica de trayectoria global a todo el ancho en Talent Card,Dev,,QA 11-jun. La gráfica de trayectoria global ocupa ~45% del espacio del bloque; debe crecer para ocupar todo el ancho disponible.,Medium,Backlog,Feature
Mover data demo de Sofía a Marco Damián,Dev,,"Marco tiene la cuenta real registrada; Sofía es dummy. Mover los 5 periodos de reportes, 9 torneos con PTFs y ajustar fecha_ingreso/UTR.",High,Done,Chore
Revisar Claude Design para atleta y coach,Team,,Revisar las propuestas de Claude Design para las vistas de atleta y coach.,Medium,Backlog,Chore
Planes trimestrales + views de atleta y coach,Dev,,"Incluir en el MVP: planes trimestrales por atleta y sus views correspondientes para atleta y coach. Definir alcance (qué contiene el plan, quién lo crea/edita, cómo se da seguimiento).",High,Backlog,Feature
Mobile first en todo el portal,Dev,,"El portal debe funcionar mobile first: coaches lo usan en cancha y atletas llenan PTF/Athlete Voice desde el teléfono. Auditar todas las vistas (expediente, talent card, nuevo reporte, torneos, PTF) en viewport móvil y ajustar layouts.",High,Done,Feature
Landing page,Dev,Phase 1 — Core Features,"Landing pública necesaria antes del lanzamiento con usuarios reales (coaches y atletas). Pendiente definir contenido y diseño. Prerequisito: bugs resueltos, mobile first, auth de coaches completo, pruebas finales.",High,Backlog,Feature
"SwingVision: revisar output, exportable y data disponible para tracking de atletas",Team,,"Marco tiene prueba de un mes activa. Revisar juntos: qué exporta SwingVision, en qué formato, y qué métricas son útiles para tracking de performance de atletas. Definir cómo integrarlo a la plataforma. BLOQUEADO HASTA: bugs In Review resueltos + mobile first + auth real + pruebas finales de lanzamiento + landing.",Low,Backlog,Feature
PTF: cambiar campo 'técnica' → 'golpes bajo presión',Dev,Phase 1 — Core Features,"La técnica no es útil como dimensión de evaluación en el PTF. Reemplazar por 'golpes bajo presión' — misma lógica de comparación y display, solo se cambia el label. Hacer antes del lanzamiento con atletas reales para que los datos capturados tengan el nombre correcto desde el inicio.",High,Backlog,Feature
"F7 · Design polish P1 — Seguimiento: strip de pendientes, jerarquía visual, chip ACTUAL, sidebar limpio",Dev,,,High,Done,Feature
Revisar MFA / email confirmation para atletas y coaches,Dev,Phase 1 — Core Features,"El flow de signup de atletas asume session inmediata (email confirmation deshabilitado). Si se habilita email confirmation, el INSERT del atleta falla porque está después del check de sesión. Fix: guardar datos del atleta en user_metadata durante signUp y hacer el INSERT via onAuthStateChange cuando el usuario confirma. También evaluar Supabase MFA (TOTP) para coaches.",Low,Backlog,Feature
Landing — pedir quotes reales de atletas y papás para testimonials,Team,,"La sección de testimoniales actualmente tiene una cita anónima sin foto. Para que convierta necesita al menos 2-3 testimoniales con nombre, foto y contexto (qué nivel tiene el alumno, cuánto lleva en la academia). Coordinar con Marco quién puede dar el quote.",Medium,Backlog,Chore
Landing — definir sección Camino a USA con el equipo,Team,,"La sección Camino a USA de la landing necesita ser discutida con el equipo antes de redactarla en detalle. Por ahora aparece como aspiracional (card o bloque ligero). Requiere: qué promesas se hacen, qué proceso se describe, quién es responsable de qué.",Medium,Backlog,Feature
Landing — acceso diferenciado para recruiters universitarios,Dev,,Ya existe TalentCard.jsx en el portal. La landing podría tener un botón 'Ver atletas disponibles' que lleve a un área pública o con login separado para recruiters NCAA/NAIA. No está listo para la camada actual — dejar en backlog.,Low,Backlog,Feature
Landing — video hero (Content Management System),Dev,,El hero de la landing tiene un VideoPlaceholder. Necesita un admin panel (CMS) en el portal para que la persona de diseño/marketing pueda subir y actualizar el video sin tocar código. Supabase Storage + UI en portal.,Medium,Backlog,Feature
Landing — reescribir Home.jsx con nueva arquitectura,Dev,,"10 secciones: Hero (nuevo copy, 1 CTA), Stats (4° stat = 15+ universidades), El método TTPA (4 pilares), Lo que medimos (mock SwingVision + UTR sparkline + eval coach), Portal preview (tabla de períodos), Armando (nombre real + bio real), Para cada persona (atletas/padres/recruiters), Sede, Testimonios (placeholder), CTA (sin cambios). También fix nombre Alejandro→Armando en Nosotros.jsx.",High,In Progress,Feature
Coach Summary View — vista de todos los atletas,Dev,Phase 2 — Analytics,Editable: solo los atletas asignados al coach. Viewable: todos los atletas de la academia. Discutir diseño detallado después del CDS.,Medium,Done,Feature
CDS — Bloque 2: Auth rol Content + /registro-content,Dev,Phase 3 — Academy Tools,useAuth check content_managers → rol Content. Página /registro-content con código de acceso. Sidebar entry para Content.,High,Done,Feature
CDS — Bloque 1: DB + Storage migration,Dev,Phase 3 — Academy Tools,"Tablas: content_managers, content_blocks, media_assets. Bucket: public-media. RLS policies.",High,Done,Feature
CDS — Bloque 3: Panel de contenido,Dev,Phase 3 — Academy Tools,"3 tabs: Videos (pegar URL YT), Imágenes (upload a Storage), Texto (editor inline). Ruta /portal/contenido.",High,Done,Feature
CDS — Bloque 4: Páginas públicas consumen DB,Dev,Phase 3 — Academy Tools,"Home, CaminoUSA, Nosotros, Programas leen content_blocks y media_assets. Fallback a valores hardcodeados.",Medium,Backlog,Feature
CDS — Bloque 5: Mosaico de fotos de perfil (atletas y coaches),Dev,Phase 3 — Academy Tools,"Migration: foto_url a coaches. Tab 'Perfiles' en CDS: grid de atletas y coaches, click para subir/reemplazar foto. Dimensiones: 600×800 px.",High,Done,Feature
CDS — Bloque 6: Highlights por atleta (fotos + videos),Dev,Phase 3 — Academy Tools,"Tabla athlete_media. Tab 'Highlights' en CDS: selector de atleta → 5 fotos curadas (drag & drop) + slots de video por golpe (forehand, backhand, servicio, volea, devolución). Vista atleta: pendiente para después.",High,Done,Feature
feat: vista Equipo — summary view multi-atleta para coaches,Dev,,,,Done,
AMTP — Widget de ranking en perfil del atleta,Dev,,Mostrar posición AMTP del atleta en su perfil. Solo es un número (ej. '#12 Varonil AMTP'). Prerequisito: similarity search implementado para matchear nombres entre la plataforma y AMTP (ej. 'Marco Damián' → 'Marco A. Damián Aguilar'). Ver open item de sesión 2026-06-23.,Medium,Backlog,Feature
Planes trimestrales — generación con LLM y tracking en reportes mensuales,Dev,,"Cerrado en barrido de kanban (15 Jul 2026, confirmado por Marco) — task genérico sin scope propio, superado por los sub-tasks específicos de P&M v2 (guardrail dump quality, draft persistente, guard un plan/atleta/periodo, schema v2, rúbrica de objetivos, UI PlanesCoach, close-quarterly-plan) ya construidos o en In Review.",High,Done,Feature
Scope: rediseño de planning + measurement (objetivos medibles vs plan),Team,Phase 2 — Analytics,"Scope doc en docs/http://scope-planning-measurement.md. Cubre: objetivo como instrumento del -2..+2, gramática estándar, ejes de anclas, focos (≤5)+mantenimiento, ciclo de vida con cierre de loop, y handoff periodo→periodo (retrospective coach+atleta, status completed, trayectoria de scores como input, cold-start como captura). Modelo acordado, listo para build. Cerrado en barrido de kanban (13 Jul 2026, confirmado por Marco) — el modelo se construyó por completo (schema v2, EF generate/identify/regenerate, rúbrica de observaciones y objetivos, Mi Plan).",High,Done,Feature
"P&M v2 — Catálogo de métricas físicas, unidades, protocolos de test + baselines",Team,Phase 2 — Analytics,"OPEN ITEM / bloqueante de Physical. No existe hoy. Definir métricas (ej. sprint 20m), unidades, protocolos de test y de dónde salen los baselines. El resto de v2 (técnica/táctica/carácter) NO depende de esto. Ref §13 open items.",Low,Backlog,Feature
P&M v2 — validate-quarterly-plan v2 + captura de logs (semilla eval set),Dev,Phase 2 — Analytics,"Validador ADVISORY (como warnings amarillos), NO auto-regenera. Rubrica de anclas: monotonia, mutuamente excluyentes, observable, semantica de escala (0=por buen camino vs plan, +2=superado, -2=estancado, NO 'estado actual'), gramatica §4. CRITERIO NUEVO: horizonte trimestral -> cada objetivo medible en 3 meses, NO resultado de largo plazo (ranking/Top 100 ITF quedan fuera salvo alcanzables en el periodo, ej. top120->100). El coach escribe observaciones, no planes; estructurar el horizonte es trabajo del sistema. TABLA objective_generation_log con linaje (root_id/parent_id, etc). Ref §13.",Medium,Backlog,Feature
P&M v2 — Medición mensual -2..+2 por sub-dimensión (focos + mantenimiento),Dev,Phase 2 — Analytics,"Captura del valor direccional -2..+2 en report_on_court/physical/character por sub-dimensión. Mantenimiento también se mide: -1/-2 en mantenimiento = candidata a foco del siguiente trimestre. Aplicar ventana del calendario de evals. Ref §6, §13.",Medium,Backlog,Feature
P&M v2 — Calendario de evaluaciones mensuales + recordatorio de cierre,Team,Phase 2 — Analytics,Definir ventanas operativas: evaluación mensual permitida hasta ~1 semana después del cierre de mes; cierre de periodo al final de la semana posterior al trimestre. Input para el recordatorio y la lógica de medición. Ref §13.,Medium,Backlog,Feature
P&M v2 — close-quarterly-plan + retrospectives + handoff periodo→periodo,Dev,Phase 2 — Analytics,"CONSTRUIDO en 4 rebanadas (14-15 Jul 2026, commits ed706c6/7c92db6/869d7a6/4a36e3a). Cierre manual por foco + wiring de prior_bundle + scores/notas del trimestre en el cierre (como palabras via OC_LABEL) + pre-seleccion de focos 'continua' + salto automatico a crear el plan siguiente. Retrospectiva del coach quitada de la UI por ahora. Dummy data de Test Athlete (2 trimestres) corregida. Lint+110 tests OK, todo comiteado. PRIMERA CORRIDA EN VIVO (15 Jul 2026, docs/http://scope-close-quarterly-plan.md §16): confirmados C1-C11 + A1-A6 de docs/http://qa-guia-cierre-plan-trimestral.md. Salieron 2 bugs/gaps reales: (1) mantenimiento nunca tiene outcome -- confirmado, no bug, ver §16.1/16.6; (2) carryover 'continua' no se propaga al draft siguiente si no se re-menciona en el dump nuevo -- bug real, ver §16.2. Decision grande de Marco: el modelo de outcome se separa en estado final (logrado/parcial/fallido) x carryover (continua/depriorizado) independientes -- hoy son excluyentes y no deberian serlo (§16.3). Este cambio + el fix del bug de carryover quedan como task nuevo separado ('P&M v2 -- separar outcome en estado + carryover'), igual que fechas de ciclo de vida del plan, botones 'mejorar' por objetivo, y el ajuste de prompt de anclas de tecnica -- todos Backlog, todos referenciados en §16. Fixes triviales de copy/UI (calco->copia directa, warnings en caja amarilla) ya aplicados directo, sin task aparte. Este task master se queda en In Progress -- no Done -- hasta que el nuevo modelo de outcome se construya, porque el bug de carryover es parte central del loop que este task prometia resolver.",Medium,In Progress,Feature
P&M v2 — Rúbrica de calidad de anclas + set de estándares de cierre,Team,Phase 2 — Analytics,"Documentar para coaches y para el validador: la rúbrica de anclas (monotonía/excluyentes/observable/anclado/gramática) y el set de estándares de cierre — 'de forma consistente', 'bajo presión', 'sin recordatorio'. Cuándo aplica cada estándar. Ref §4, §13.

Actualización (live test 5, Caso Sofía, 1 Jul 2026): confirmado en el Caso 3 — las anclas generadas se sienten genéricas en su redacción actual. Ref §18.

Actualización (live test 6, Caso Diego, 1 Jul 2026): se repite en Caso 4. Marco: 'hay que definir muy bien cómo nombrarlas'. Ref §19.",Medium,Backlog,Feature
P&M v2 — UI nuevo flujo PlanesCoach: compuerta de selección de focos + revisión,Dev,Phase 2 — Analytics,"CONSTRUIDA (PlanesCoach.jsx reescrito): flujo 4 pasos - atleta/periodo, dump, seleccion de focos <=5 (carryover vs nuevas, pre-selecciona candidatas), generacion + revision por feedback con anclas -2..+2 visibles + rubrica corta. Regla dura: regenerar exige comentario. Captura objective_generation_log con linaje al guardar. Bridge: objective_text=objetivo para no romper NuevoReporte/AthleteVoice. Lint+tests+build OK. Ref §8, §13. Cerrado en barrido de kanban (13 Jul 2026, confirmado por Marco) — el test en vivo pendiente se completó en los live tests posteriores (Casos Diego/Kevin/Sofía/Emilio/Mariana), documentados en los tasks de rúbrica ya Done.",Medium,Done,Feature
P&M v2 — Migración schema v2 (objetivos + planes) y deprecar objective_text,Dev,Phase 2 — Analytics,"quarterly_plan_objectives: tipo, diagnostico, objetivo, anchors(jsonb), carryover_of, outcome, final_assessment, baseline/target/unit. quarterly_plans: status 'completed', coach_retrospective, athlete_retrospective, closed_at. Eliminar objective_text. Archivar/eliminar los 2 planes dummy. Ref §9 y §13.",High,Done,Infra
P&M v2 — generate-quarterly-plan v3: dump de observaciones → dimensiones + anclas,Dev,Phase 2 — Analytics,"DESPLEGADA v4 (mode identify + generate + regenerate, legacy preservado). Fuente versionada en supabase/functions/generate-quarterly-plan/index.ts. Pendiente: test en vivo (necesita JWT/UI) y wiring de objective_generation_log al llamar. PRIMERA REBANADA. EF v3 con dos modos: (a) identificar sub-dimensiones + read corto + candidata_a_foco; (b) generar diagnostico + objetivo (gramatica §4) + 5 anclas con semantica corregida (0=por buen camino, -2=estancado, NO estado actual). Contrato con bundle previo (cold-start=null). Ref §10 y §13. Cerrado en barrido de kanban (13 Jul 2026, confirmado por Marco) — superado por el trabajo de rúbrica P&M (commits 2307af2, 7a7212f, 15bc341, b441eaa) ya Done.",High,Done,Feature
P&M v2 — Estado draft persistente en el flujo de planes,Dev,Phase 2 — Analytics,"CONSTRUIDO. Columna draft_state (jsonb) en quarterly_plans (migración aplicada). PlanesCoach: crea draft al pasar paso 1→2, persiste dump/focos/objetivos en checkpoints (identify/generate/regenerate), guardar plan actualiza el draft (ya no inserta). Lista permite reanudar (click) o descartar borrador. Lint+65 tests OK. Ref §14. Cerrado en barrido de kanban (13 Jul 2026, confirmado por Marco) — comiteado junto con el guard de un plan por atleta/periodo en 8e7560c; el bloqueo de .git/index.lock quedó resuelto sin reportarse por texto, confirmado ahora vía git log.",High,Done,Feature
P&M v2 — Voz: revisión/regeneración por voz + summary de notas en el dump,Dev,Phase 2 — Analytics,EPIC VOZ (3/3). Comentarios de regeneracion dictados por voz -> texto. El dump puede incorporar el summary de las notas de voz (task 2/3) para 'endulzar' el contenido y generar mejores focos. Ref §14.,Medium,Backlog,Feature
P&M v2 — Edición de plan a mitad de trimestre,Dev,Phase 2 — Analytics,BACKLOG. Permitir ajustar el plan dentro del periodo si hace falta. No vale la pena complicarlo ahora. Ref §14.,Low,Backlog,Feature
P&M v2 — Voz: dump de observaciones por voz (transcripción),Dev,Phase 2 — Analytics,EPIC VOZ (1/3). El input del plan (observaciones antes de identify) se puede dictar por voz y se transcribe a texto. Ref §14.,Medium,Backlog,Feature
P&M v2 — Voz: log de anotaciones por atleta (grabaciones + transcripts),Dev,Phase 2 — Analytics,"EPIC VOZ (2/3). Coaches graban notas de entrenamiento/partido en cualquier momento (ej. mitad del 2o set), ligadas al atleta del lado del coach. Transcripts procesados y acumulados como record de observaciones por atleta; insumo para seguimiento y generacion de planes. Ref §14.",Medium,Backlog,Feature
P&M v2 — Guard: un plan por atleta por periodo,Dev,Phase 2 — Analytics,"CONSTRUIDO. Unique index (athlete_id, period_start) WHERE status <> 'archived' en quarterly_plans (migración aplicada) + check en UI al continuar paso 1: si existe plan activo/completado para ese atleta+periodo, bloquea con mensaje y link al plan; si existe un draft, reanuda automático. Nota: la excepción de 'pasar la fecha del 3er reporte' mencionada en el scope NO se implementó (ambigua/baja prioridad) — hoy la única salida es archivar/borrar el plan existente. Lint+65 tests OK. Ref §14. Cerrado en barrido de kanban (13 Jul 2026, confirmado por Marco) — el commit 8e7560c ya incluía este guard; el bloqueo de .git/index.lock quedó resuelto sin reportarse por texto, confirmado ahora vía git log.",High,Done,Feature
P&M v2 — Guardrail no-bloqueante de calidad del dump,Dev,Phase 2 — Analytics,"CONSTRUIDO. generate-quarterly-plan v pm-v2.3: modo identify ahora también devuelve dump_quality {level: 'detallado'|'vago', motivo}, evaluado por el mismo LLM sin llamada extra. Desplegada (v7). UI: banner ámbar no-bloqueante en paso 3 cuando level='vago', con motivo y atajo para volver a editar el dump; no impide continuar. Lint+65 tests OK. Ref §15. Cerrado en apertura de sesión (14 Jul 2026, confirmado por Marco) — el commit pendiente por .git/index.lock se resolvió sin reportarse por texto, confirmado vía git log (commit 8e7560c).",High,Done,Feature
Definir backlog de skills internos + crear docs/http://skills-backlog.md,Dev,,"Documento vivo en docs/ que rastrea los skills candidatos para reducir context rot (feature-slice, schema+RLS, e2e QA, design polish, scraper rankings). Incluye decisiones de diseno de cada skill.",Medium,Done,Chore
Limpiar directorio anidado top-tenis-performance-academy/ (leftover de movimiento de archivos),Dev,,"Diagnosticado y verificado. El sandbox de Cowork no puede borrar archivos en el mount (unlink = Operation not permitted), así que Marco debe correr la limpieza local: rm .git/index.lock && git rm -r top-tenis-performance-academy && git commit -m 'chore: eliminar dir anidado top-tenis-performance-academy/ sobrante de movimiento de archivos'. Confirmado: nada importa de ese path, lint+tests pasan, el src/ vivo es el de la raíz. Cerrado (13 Jul 2026) — Marco confirmó que ya borró el directorio anidado localmente.",Low,Done,Chore
Conectar el CMS (Content Delivery System) con el sitio público,Dev,,"El panel de contenido escribe en content_blocks/media_assets/athlete_media pero ninguna página pública lee esas tablas: todo el contenido del sitio está hardcodeado. Además los slots del CMS no coinciden con la estructura real de las páginas (p.ej. video en camino-usa, hero_imagen en home no tienen destino) y ya hay 3 fotos de coaches subidas que no se muestran. Crear capa de lectura (usePublicContent) y cablear Home/Nosotros/Programas/CaminoUSA + perfiles/highlights, con RLS para lectura anónima. Movido a Backlog (13 Jul 2026, Marco) — en espera de junta con el equipo de marketing el 20 Jul 2026 antes de retomar. Nota: el git log ya muestra commits relevantes conectando CMS con landing/coaches (402585b, eed1e7d, 1dd1a21) — confirmar con Marco el alcance real pendiente vs. lo ya resuelto al retomar.",High,Backlog,Bug
Fix CMS: cache de imágenes al reemplazar + relabel slot sede en Programas,Dev,,"(1) Fotos de perfil/coach usaban ruta fija en storage → misma URL → navegador servía la imagen vieja al reemplazar. Fix: cache-busting ?v=timestamp en ProfileCard y HighlightPhotoSlot. (2) Slot foto_programa estaba etiquetado 'Foto hero' pero la única imagen de Programas es la sede; renombrado a foto_sede / 'Foto de la sede (canchas)'. Cerrado en apertura de sesión (14 Jul 2026, confirmado por Marco) — el commit pendiente por .git/index.lock se resolvió sin reportarse por texto, confirmado vía git log (commits eed1e7d, 1dd1a21).",Medium,Done,Bug
Scopear sincronización CMS ↔ landing (registro único de slots editables),Dev,,"DECISIÓN (Marco): el CMS se queda en modelo de slots ESTÁTICOS con deploys ad hoc — meter/quitar slots o páginas = cambio de código + deploy (lo hacemos Marco + Claude), NO page-builder dinámico. El scoping del registro único de slots lo vemos juntos después.

Problema raíz: los slots editables se definen en DOS lugares (constantes del panel PanelContenido + llamadas text()/asset() en cada página), que pueden desincronizarse (ya pasó: slots sin destino y labels equivocados). Objetivo del scoping: (a) registro único de slots (src/lib/contentSlots.js) como fuente de verdad que importen tanto el panel como las páginas; el panel genera sus tabs desde ahí. (b) Auditar TODA la landing y registrar cada pieza editable (textos/imágenes/videos hoy hardcodeados) para que exista en el CMS. (c) Flujo: la ESTRUCTURA la edita Marco con Claude (código+deploy); el CONTENIDO ya en prod debe existir en el CMS.",High,Backlog,Feature
Limpieza de datos dummy y usuarios (reset a trio de prueba),Dev,,"Reset de BD: queda Test Athlete (ex-Marco Damán, mailto:mdamian.aguilar@gmail.com) con sus datos, Test Coach/Head Coach (ex-Armando, mailto:tlaca@toptenis.mx) y CMs valerochi + agantoniolar. Borrados: 3 atletas dummy (Emiliano/Ian/Ricardo) + sus rankings/UTR/snapshots, 3 coaches (Jesús/Lalo/Miguel), CM marcotest, y 3 usuarios auth (mailto:marco@toptenispa.mx y dummy huérfanos + marcotest). Landing (9 media_assets) conservada. Ejecutado en transacción.",Medium,Done,Chore
P&M — Rúbrica/skill: objetivos alineados a la filosofía de la academia,Team,Phase 2 — Analytics,"Cerrado 9 Jul 2026 (Session 28). Opción 2 (pasada de validación aparte, modo validate en generate-quarterly-plan, pm-v4.0-2026-07-09 v16) implementada y validada: 0/20 objetivos inventados o calcados pasaron incorrectamente como 'suficiente' en la regresión de los 5 casos sintéticos (vs. 48% y 89% de misses con la opción 1 self-eval). UI conectada en PlanesCoach.jsx: aviso condicional por FocoCard usando el veredicto de validate, se retiró la caja fija RubricaBox. Lint + tests pasan. Commit b441eaa. Detalle completo en docs/http://scope-rubrica-objetivos.md §11-§12.",High,Done,Feature
P&M — Definir observaciones/objetivos de dimensiones numéricas (physical) + doc de scoping,Team,Phase 2 — Analytics,"Reconfirmado en live test 3: physical (beep_test, spider_drill, sprint_20m, salto_vertical, fuerza_inferior, fuerza_superior, fms) no tiene catálogo de baselines/targets/unidades, así que sus objetivos quedan cualitativos mientras técnica/táctica/carácter ya son medibles. Ya estaba señalado como fuera de alcance en §11 del scope doc; este task es para scopearlo formalmente con su propio doc antes de construir. Ref docs/http://scope-planning-measurement.md §16.",Medium,Backlog,Feature
P&M — Rúbrica/skill: verificación de observaciones por dimensión,Team,Phase 2 — Analytics,"Hueco compañero del anterior: la observación del coach a veces ya trae la solución implícita en vez de describir el síntoma/causa observable, lo que deja al LLM sin material real para prescribir (mismo ejemplo de transferencia_partido). Contraste bueno: 'juega con mucha energía y confianza en su derecha en entrenamiento, pero en partidos pierde esa energía y solo pasa la bola sin proponer' — sí trae algo concreto y accionable. Se necesita rúbrica/skill para verificar que cada dimensión identificada traiga algo concreto para trabajar, no solo la etiqueta del síntoma. Doc de scoping propio. Ref docs/http://scope-planning-measurement.md §16.

Actualización (live test 4, Caso Emilio, 1 Jul 2026): agregar convención de TONO a la rúbrica — el dump del coach a veces frasea observaciones como crítica directa a la persona y usa el nombre del atleta. La rúbrica debe incluir cómo escribir constructivamente (conducta observable, no juicio de carácter) y evitar nombrar al atleta. Ya hay un fix parcial del lado de generación (pm-v2.4), pero la convención de cómo el coach redacta la observación en primer lugar sigue pendiente de definir. Ref §17.

Actualización (live test 5, Caso Sofía, 1 Jul 2026): el guardrail actual (dump_quality vago/detallado a nivel de dump completo) NO se disparó pese a observaciones sin mecánica ni dirección de mejora. Falta granularidad por dimensión + una vía de intervención cuando la observación es ambigua. Ref §18.

Actualización (live test 7, Caso Kevin, 1 Jul 2026): el read_corto que resume cada sub-dimensión en el paso de identify puede perder parte del mensaje en observaciones compuestas. Ejemplo: obs original 'no ajusta el plan cuando el rival le cambia el ritmo del partido — sigue con el mismo patrón aunque no le esté funcionando' quedó truncada en read_corto a solo la primera cláusula, perdiendo 'sigue con el mismo patrón…'. generate sí recuperó el texto completo porque vuelve a leer el dump entero. La rúbrica debe ponerle un piso al read_corto para que no pierda cláusulas relevantes de una observación compuesta. Ref §20.

Actualización (revisión de scope, 2 Jul 2026, §21): estructura preliminar de Marco para una observación bien formada — 5 componentes: (1) Dimensión clara, (2) Enfoque/patrón/mecanismo (nombre pendiente), (3) Intensidad, (4) Context clarifier, (5) Adicional opcional. Ref §21.

Actualización (4 Jul 2026): doc de scoping completo en docs/http://scope-rubrica-observaciones.md — anatomía de 5 componentes (nombre propuesto para el componente 2: 'Mecanismo', pendiente de confirmar), regla de granularidad por dimensión (no por dump completo), guardrail no-bloqueante, convención de tono, piso de cobertura para read_corto, regla de fusión para dimensiones repetidas, ubicación como skill modular en el pipeline (per agentic-fit-check-pm §5.1), y tabla de validación contra los 5 casos sintéticos. Listo para revisión de Marco antes de mover a build.",High,Done,Feature
P&M — Fix: diagnóstico/objetivo nunca usan nombre del atleta ni tono crítico,Dev,Phase 2 — Analytics,"Encontrado en live test 4 (Caso Emilio): el dump nombraba al atleta y fraseaba una observación como juicio directo ('Emilio no tiene término medio'), con riesgo de que el diagnóstico generado heredara ese tono al discutirse con el atleta. Fix (pm-v2.4): regla nueva en GENERATE_SYSTEM — nunca usar el nombre del atleta en diagnóstico/objetivo, traducir crítica directa a conducta observable sin inventar. Desplegado v8. Relacionado con el task de rúbrica/skill de verificación de observaciones (convención de tono pendiente del lado del coach). Ref docs/http://scope-planning-measurement.md §17.",High,Done,Bug
P&M — Fix: no re-identificar focos si el dump no cambió,Dev,Phase 2 — Analytics,"Encontrado en live test 3 (Caso Mariana): volver al paso 2 sin editar el dump forzaba una nueva llamada a identify, perdiendo/reordenando la selección de focos ya revisada. Fix: se cachea el texto del dump identificado (lastIdentifiedObs); si coincide, navega directo al paso 3 sin llamar al modelo. Ref docs/http://scope-planning-measurement.md §16.",Medium,Done,Bug
P&M — Fix: identify no depende de enumeración explícita en el dump,Dev,Phase 2 — Analytics,"Encontrado en live test 4 (Caso Emilio, narrow): con el dump enumerado ('Uno:'/'Dos:') identify detectaba las 2 sub-dimensiones bien; sin los marcadores, solo detectaba una (perdía manejo_riesgo). Fix (pm-v2.4): regla explícita en IDENTIFY_SYSTEM de leer por contenido, no por marcadores de estructura. Caso de regresión agregado como Caso 2b en docs/http://dumps-test-planning-edge-cases.md. Desplegado v8. Ref docs/http://scope-planning-measurement.md §17.",High,Done,Bug
"Fix: diagnóstico/objetivo no debe abrir con ""la atleta/el atleta""",Dev,Phase 2 — Analytics,"Encontrado en live test 5 (Caso Sofía, 1 Jul 2026): el diagnóstico generado abre con ""la atleta presenta..."" en vez de ir directo a la conducta observada (""presenta una fuerza inferior que podría ser más completa...""). Ajustar GENERATE_SYSTEM (regla de tono, junto al fix de nombre del atleta) para prohibir abrir con el sustantivo del atleta. Ref docs/http://scope-planning-measurement.md §18.",Medium,Backlog,Bug
"Feature (backlog, sin scope): ""Acciones"" — pasos concretos post-objetivo",Team,Phase 2 — Analytics,"Idea de Marco (1 Jul 2026): después de confirmar objetivo + anclas de un foco, generar ""acciones"" — qué debe hacer el atleta concretamente para cumplir el objetivo. Sin scope todavía, prioridad baja. Ref docs/http://scope-planning-measurement.md §18.

Actualización (live test 6, Caso Diego, 1 Jul 2026): evidencia de por qué hace falta — el objetivo generado para fuerza de piernas ('Desarrollar la fuerza en las piernas mediante ejercicios específicos de resistencia y potencia') se lee más como una acción que como el objetivo medible en sí. El redesign necesita distinguir con claridad objetivo (qué se mide, -2..+2) vs. acciones (cómo se llega ahí). Ref §19.",Low,Backlog,Feature
Bug: AMTP Rankings Scraper falla en GH Actions (exit code 1),Dev,Phase 2 — Analytics,"Primera corrida programada (1 Jul 2026, run #1) del cron mensual falló: job completo en ~8s, step ""Run scraper"" terminó con exit code 1. Hay también una anotación de ""Node.js 20 is deprecated"" (actions/checkout@v4, actions/setup-python@v5 forzados a Node 24) pero es un warning de plataforma no relacionado al fallo — no bloquea el run por sí solo. Causa real sin confirmar: no se pudo leer el log completo (requiere sign-in). Hipótesis por duración corta + código del scraper (scripts/amtp_http://scraper.py): la primera llamada a http://amtp.mx en get_anon_key() no está en try/except y puede estar fallando rápido (403/timeout/cambio de estructura del sitio). Pendiente: Marco revisa el log completo en GitHub (run 28507947517) y lo comparte, o se agrega manejo de errores más claro al script para el próximo run.",Medium,Done,Bug
Fix: carryover incluye planes archivados (falta filtro de status),Dev,Phase 2 — Analytics,"Encontrado en live test 5 (Caso Sofía, 1 Jul 2026): salió 'ética de trabajo' como foco de carryover del periodo anterior sin explicación clara en el dump sintético.

Actualización (live test 6, Caso Diego, 1 Jul 2026): se repite el patrón con 'devolución'.

CONFIRMADO por SQL (live test 7, Caso Kevin, 1 Jul 2026): la query de carryover en handleIdentify (PlanesCoach.jsx) NO filtra por status — solo hace .eq('athlete_id', selAthlete).lt('period_start', periodStart).order('period_start', desc).limit(1). El único atleta real en BD tiene un plan ARCHIVADO (id 2581c5b1…, creado 27 Jun) con focos serve/backhand/devolucion/seleccion_golpe/etica_trabajo — coincide exacto con los dos misterios anteriores. No es un bug de matching ni un artefacto del dump: el carryover toma el plan más reciente por period_start sin importar si está archivado. Cada caso sintético guardado contamina el carryover del siguiente. Fix concreto: agregar .eq('status','active') (o .in(['active','completed'])) a la query. Bug bien entendido, no depende del redesign — candidato a fix inmediato. Ref docs/http://scope-planning-measurement.md §20.",High,Done,Bug
P&M — Evaluar consistencia (determinismo) de identify entre corridas repetidas,Team,Phase 2 — Analytics,"Encontrado en live test 5 (Caso Sofía, 1 Jul 2026): corriendo identify varias veces sobre el mismo dump, el número de focos varió (3→2) y coachabilidad reapareció de forma inconsistente entre corridas. Con temperature 0.3 hay variación esperada, pero conviene medir consistencia como parte del framework de evals (Tier B, docs/http://skills-backlog.md #1) antes de exponer a coaches. Ref §18.",Medium,Backlog,Feature
Bug: focos identificados no persisten al volver (Caso 3),Dev,Phase 2 — Analytics,"Encontrado en live test 5 (Caso Sofía, 1 Jul 2026): en el UI los focos identificados parecieron regenerarse en vez de reusar el cache, pese al fix de re-identificación del mismo día (pm-v2.4, §16). Necesita repro: confirmar si el texto del dump cambió entre pasos, o si el cache (lastIdentifiedObs) se invalida de más al recargar o retomar un draft. Ref §18.",High,Backlog,Bug
"Fix: textarea de observaciones muy chica (paso 2, Nuevo plan)",Dev,Phase 2 — Analytics,"Encontrado en live test 6 (Caso Diego, 1 Jul 2026): la caja de texto donde el coach escribe las observaciones (step 2 del wizard de Nuevo plan, PlanesCoach.jsx) es muy chica para dumps largos. Aumentar rows/min-height. Fix de UI acotado, no depende del redesign. Ref docs/http://scope-planning-measurement.md §19.",Low,Done,Chore
Feature: mostrar qué cambió al regenerar objetivos con feedback del coach,Dev,Phase 2 — Analytics,"Encontrado en live test 6 (Caso Diego, 1 Jul 2026): al mandar 'Regenerar con mi comentario', si el coach se distrae mientras corre la llamada, pierde de vista qué cambio pidió y no hay forma de comparar qué se ajustó. No hace falta mostrar el texto anterior verbatim, pero sí debe quedar claro (antes de cada caja de dimensión, si hubo cambio) qué se hizo de acuerdo al comentario del coach. Necesita diseño, no es trivial. Ref §19.",Medium,Backlog,Feature
Feature: cache de focos generados en revisión (no regenerar todo al cambiar selección),Dev,Phase 2 — Analytics,"Encontrado en live test 7 (Caso Kevin, 1 Jul 2026): si el coach ya generó/revisó objetivos y anclas para varios focos y vuelve al paso 3 a cambiar la selección (quitar uno, agregar otro), el botón 'Generar' vuelve a llamar al modelo para TODOS los focos seleccionados, no solo el que cambió — se pierde lo ya revisado y se reintroduce variabilidad (no determinismo, §18). Esperado: quitar una selección solo la quita de revisión; agregar una nueva selección solo genera esa, sin tocar lo ya generado. Relacionado con el bug de cache de identify de §18 (mismo problema de fondo: el wizard no distingue 'cambió el input' de 'cambió la selección'). Ref §20.",Medium,Backlog,Feature
"Feature: chip ""en buen estado"" para sub-dimensiones que no son candidatas a foco",Dev,Phase 2 — Analytics,"Encontrado en live test 7 (Caso Kevin, 1 Jul 2026): en el paso de selección de focos, UrgenciaChip solo se renderiza cuando candidata_a_foco es true (urgente/a trabajar/menor). Las sub-dimensiones que el coach describe como que van bien no tienen ningún indicador visual — ambiguo entre 'no se detectó' y 'está bien'. Agregar chip verde tipo 'en buen estado' o 'de mantenimiento' para esos casos. Ref §20.",Low,Backlog,Feature
Redesign — política de merge cuando una dimensión se menciona 2+ veces en el dump,Team,Phase 2 — Analytics,"Encontrado en live test 7 (Caso Kevin, 1 Jul 2026): identify devolvió dos entradas separadas de 'liderazgo' (una mencionada al inicio del dump, otra a la mitad). Pregunta abierta: ¿se destilan en una sola entrada (intuición de Marco), o se decide cuál mención tiene mayor impacto en el juego (requeriría su propia rúbrica, overkill por ahora)? Bug técnico asociado: la UI usa focoKey(dimension, sub_dimension) como key de React Y como llave del Set de selección — dos entradas con la misma sub-dimensión colisionan (seleccionar una selecciona ambas visualmente). El fix correcto es que identify nunca devuelva dos entradas para la misma sub-dimensión (mergear en el prompt), no un parche de UI. Ref docs/http://scope-planning-measurement.md §20.",Medium,Backlog,Feature
Agentic system P&M — fit check: ¿agent + skills o pipeline ya scopeado?,Dev,Phase 2 — Analytics,"Antes de scopear las 2 rúbricas/skills en backlog (verificación de observaciones, objetivos alineados a la filosofía) como arquitectura agent+skills, validar si P&M realmente necesita esa estructura o si el pipeline ya scopeado en docs/http://scope-planning-measurement.md (identify → generate → validate advisory → HITL regenerate) ya es suficiente. Contexto: Marco enmarcó el redesign de P&M como POC de un patrón de agentic system generalizable (evaluation loop reusable para cualquier empresa de servicios), no solo como feature de la academia — doble objetivo: resolver el problema real + hacer reps/showcase en agentic systems. No quiere forzar la arquitectura sin fit real. Doc de fit-check: docs/http://agentic-fit-check-pm.md (2 Jul 2026). CERRADO 15 Jul 2026: es un proceso ongoing (fit-check se revisita, no es un entregable único) — se cierra como Done pero no es foco central del proyecto; retomar solo si surge necesidad concreta de scopear una skill/agent.",High,Done,Chore
Fix: AMTP ranking no se muestra en perfil de atleta ni en Equipo,Dev,Phase 2 — Analytics,"Commiteado en 6cd064e. AlumnoDetalle.jsx: setAmtp ya no se salta cuando el atleta no tiene reportes. Equipo.jsx: conectado a amtp_rankings (cards + tabla), mismo patron que Alumnos.jsx. Lint + test (65/65) verdes antes del commit. Pendiente: git push desde terminal de Marco.",Medium,Done,Bug
Formato de cierre compartido para atleta / papá / coach,Dev,Phase 2 — Analytics,"Idea de Marco (2 Jul 2026, docs/http://scope-planning-measurement.md §21): cuando el plan trimestral se cierra (status completed), generar un formato tipo cards o documento presentable que puedan tener el atleta, el papá y el coach. Prioridad baja explícita de Marco ('no importa ahorita') — sin scoping todavía.",Low,Backlog,Feature
Quitar constraint de asignación coach↔atleta (libre para cualquier coach),Dev,Phase 2 — Analytics,"Ampliado 9 Jul 2026 — Marco quiere rediseñar toda la relación coach↔atleta, no solo quitar el constraint. Alcance confirmado tras revisar código+RLS: (1) Equipo.jsx se queda como la única vista de 'todos los atletas' — coaches ya pueden ver athletes/reports/on_court/character/PTF de cualquiera (RLS coaches_select_all_* ya existen), falta abrir SELECT a todos los coaches en athlete_utr_history, athlete_profile_snapshots, athlete_recruitment_profile, y en quarterly_plans/quarterly_plan_objectives (hoy sin política de lectura entre coaches). (2) Eliminar Alumnos.jsx ('Mis Atletas') por completo — hoy filtra .eq('coach_id', http://user.coach_id); comparte <TabBar> con Equipo.jsx (quitar tab 'Mis'), y NuevoAtleta.jsx navega ahí al cancelar/crear. (3) Cualquier coach puede crear reportes/planes para cualquier atleta — hoy NuevoReporte.jsx, ReportesPorPeriodo.jsx y PlanesCoach.jsx (picker de creación + lista de planes) filtran por .eq('coach_id', http://user.coach_id); AlumnoDetalle.jsx tiene un flag isOwn (http://athlete.coach_id === http://user.coach_id) que oculta '+ Nuevo reporte' y muestra 'Solo lectura' a coaches no asignados — se elimina esa distinción. (4) En el alta (NuevoAtleta.jsx) deja de tener sentido asignar automáticamente coach_id = http://user.coach_id como 'dueño' del atleta. Decisión pendiente con Marco: ¿coach_id en athletes se hace nullable (se quita el ownership por completo) o se conserva solo como metadata de 'quién dio de alta' sin usarse en RLS/UI? Hoy http://athletes.coach_id es NOT NULL en DB y está en el FK de 9 tablas. (5) Fuera de este task, después de todo lo demás: feature de notas de voz/texto que alimenta contexto del atleta — ver task separado 'Servicio de notas de voz/texto por atleta'. Requiere doc de scoping propio (schema + RLS) antes de tocar código, patrón Skill #2 de docs/http://skills-backlog.md.",Medium,Done,Feature
P&M — agregar outcome 'deprioritized' + deprioritized_at,Dev,Phase 2 — Analytics,"Gap detectado por Marco en revisión de scope (2 Jul 2026, ver docs/http://scope-planning-measurement.md §21): ninguno de los 3 outcomes existentes (logrado/parcial/continua) cubre el caso de un foco que el coach decide NO llevar a carryover al cerrar el periodo, sin que haya sido logrado ni esté parcial. Se agrega 4to valor 'deprioritized' al enum de outcome + columna deprioritized_at (timestamptz, nullable). Confirmado por Marco (2 Jul 2026): deprioritized NO requiere final_assessment, a diferencia de los otros 3 outcomes — basta con deprioritized_at. Ya reflejado en §3, §9 y §21 del scope doc.",Medium,Backlog,Feature
Reasignar coach de Ian Kleiman a Armando Tlacaelel,Dev,,Update coach_id en tabla athletes: Ian Kleiman (mailto:iankleiman2009@icloud.com) pasa de Test Coach a Armando Tlacaelel López Chávez (mailto:tlacaelelarmando@hotmail.com).,Low,Done,Chore
P&M — Implementar rúbrica/skill: verificación de observaciones por dimensión,Dev,Phase 2 — Analytics,,High,Done,Feature
Presentación de progreso + roadmap 6 meses para el equipo,Team,,,Medium,Done,Chore
"Mejorar http://CLAUDE.md y flujo de skills (apertura/cierre de sesión, backlog)",Dev,,,Medium,Done,Chore
Construir skill #1: feature-build-flow (rebanada de feature),Dev,,,High,Done,Chore
"Sección de ""Mis Planes"" en el portal del atleta",Dev,,,High,Done,Feature
Servicio de notas de voz/texto por atleta (context feed para reportes y planes),Dev,Phase 2 — Analytics,"Idea de Marco (9 Jul 2026): servicio al que todos los coaches suban notas de voz y texto por atleta a lo largo del tiempo. Para atletas nuevos, el initial assessment (hoy el text box libre de PlanesCoach.jsx al crear el primer plan, sujeto a cambiar con el scoping) sería la única entrada inicial. Esa información se agrupa/analiza para alimentar (a) los reportes mensuales — pasan de redacción desde cero a trabajo de review — y (b) el contexto del siguiente plan trimestral. Objetivo: que el coach se enfoque en observar y el sistema arme el resto. Depende de que primero se cierre 'Quitar constraint de asignación coach↔atleta' (task hermano, ampliado 9 Jul) — sin eso no está claro quién puede subir notas de qué atleta. Marco fue explícito: es la pieza más pesada y se hace hasta el final, después de todo lo demás. Necesita su propio doc de scoping (arquitectura de captura de voz, pipeline de análisis/agrupación, qué modelo/prompt, cómo conecta con generate-quarterly-plan) — sigue el patrón agentic ya usado en P&M (docs/http://scope-planning-measurement.md, docs/http://agentic-fit-check-pm.md).",Medium,Backlog,Feature
Decidir qué hacer con atletas que se van de la academia o se gradúan (ej. se van a USA),Team,Phase 1 — Core Features,"Surgió 9 Jul 2026 al decidir que ningún coach tendrá DELETE sobre atletas (docs/http://scope-coach-atleta-libre.md §3.5) — la baja se hace con activo=false, pero eso no distingue 'se fue a media temporada' de 'se graduó y se fue a jugar/estudiar a USA'. Falta decidir: ¿se necesita un estado distinto a activo/inactivo (ej. 'egresado')? ¿se conserva el expediente completo visible en Equipo o se archiva aparte? ¿hay algo que exportar/entregar al atleta o a la familia al salir? Es decisión de producto, no depende de ningún cambio técnico pendiente.",Low,Backlog,Feature
Scopear + diseñar skill #9: LLM/agent feature build flow,Dev,Phase 2 — Analytics,"Skill compañero de #1 (feature-build-flow) — el paso 7 de #1 hoy solo dice ""para y scopea con Marco"", sin flujo propio. Necesita doc de scoping antes de diseñarse con skill-creator. 5 preguntas a resolver (determinan si evals/ se construye): dónde viven los evals, formato del dataset de casos, quién/qué es el grader (ya hay precedente real: modo validate de generate-quarterly-plan pm-v4.0), cuándo corre la suite, cómo se versiona el prompt. Detalle completo en docs/http://skills-backlog.md #9.",High,Backlog,Chore
Revisar http://scope-planning-measurement.md incorporando lo construido en Mi Plan,Dev,,,High,Done,Chore
Repensar liderazgo (score -2..+2 en report_character) y physical como dimensión de P&M,Team,,,Medium,Backlog,Feature
P&M — prompt de anclas de tecnica: no debe asentarse en 'consistente en entrenamiento',Dev,Phase 2 — Analytics,"docs/http://scope-close-quarterly-plan.md §16.8. La plantilla generica de anclas (generate-quarterly-plan/index.ts linea ~193) usa 'consistente en entrenamiento' como nivel 0 -- para tecnica, la transferencia deberia apuntar siempre a partido, nunca quedarse en drill/entrenamiento como referencia. Es un ajuste de prompt (Tier B, no determinista) -- decidir si tecnica necesita su propia plantilla de anclas separada de tactica/caracter. Requiere revision con Marco viendo ejemplos generados antes de tocar el prompt en produccion.",Medium,Backlog,Bug
P&M — ¿mantenimiento deberia tener outcome al cerrar el plan?,Dev,Phase 2 — Analytics,"Decidido 15 Jul 2026 (docs/http://scope-close-quarterly-plan.md §16.6): mantenimiento se queda como esta, deliberadamente ligero — sin outcome, sin friccion de cierre. Si algo relevante pasa ahi, se sube a foco en el plan del siguiente trimestre. Sin cambios de codigo, es el comportamiento actual confirmado a proposito.",Low,Done,Chore
P&M — botones 'mejorar' por objetivo en revision (reemplaza box unico de feedback),Dev,Phase 2 — Analytics,"docs/http://scope-close-quarterly-plan.md §16.7. El box unico '¿Algo no cuadra?' del paso 4 regenera TODO el plan con un solo comentario -- volvio vagos objetivos que no se querian tocar. Idea: boton 'Mejorar' por objetivo/observacion (patron tipo comentarios de IA en Google Docs), quitando la caja fija del fondo y agregando una caja de instrucciones corta debajo de la barra de progreso. Probablemente cambia el contrato de regenerate en la edge function (feedback por-objetivo en vez de string global). Necesita su propio scoping antes de construir.",Medium,Backlog,Feature
P&M — ciclo de vida de fechas del plan (closed_at / inicio de borrador / fecha de publicacion),Dev,Phase 2 — Analytics,"docs/http://scope-close-quarterly-plan.md §16.4. Hoy period_start del plan siguiente se elige a mano en el paso 1 = primer dia del mes siguiente al cierre. Propuesta de Marco: separar 3 fechas (closed_at, inicio del borrador, fecha de publicacion) y que el periodo real de 3 meses se cuente desde que el coach PUBLICA el plan, no desde que crea el draft -- asi los planes duran 3 meses de uso real. Necesita su propia sesion de scoping antes de tocar codigo (toca startPlanCreation, periodEndFor, paso 1 del wizard, posible columna nueva en schema).",Medium,Backlog,Feature
P&M v2 — separar outcome en estado (logrado/parcial/fallido) + carryover (continúa/depriorizado),Dev,Phase 2 — Analytics,"CONSTRUIDO 15 Jul 2026, todo comiteado (29f0f07 + aad9365). Migracion outcome/carryover + UI de 2 controles + fix de carryover (29f0f07). Fix de 4 bugs de la revision en vivo con Marco Damian: placeholder de 'Logrado' corregido, bloque de scores/anclas con fallback explicito cuando no hay datos, formatObjetivoMotivo robusto a separador (aad9365). Lint+112 tests OK en ambos commits. Detalle en docs/http://scope-close-quarterly-plan.md §16.3/§16.3.1. PENDIENTE: Marco hace git push, y probar en vivo con Test Athlete (que si tiene reportes) para confirmar highlight/badges con datos reales antes de Done.",High,In Review,Feature